id,name,age,salary,address,gender
1,Jessamyn,41,9700,Apt 1265,F
2,Pinchas,66,64493,Suite 57,M
3,Deena,26,34040,Suite 47,F
4,Fernandina,21,64153,6th Floor,F
5,Rebekkah,25,37903,Apt 801,F
6,Stormie,41,25423,Suite 39,F
7,Cathe,69,32711,Apt 370,F
8,Maddalena,33,41007,PO Box 38131,F
9,Del,57,45097,16th Floor,M
10,Annabell,61,23832,PO Box 14554,F
11,Newton,53,51172,Room 362,M
12,Marion,40,55370,Room 1356,M
13,Cesar,52,4169,Suite 55,M
14,Kelby,54,45092,Room 1106,M
15,Jaimie,41,43945,Room 1699,M
16,Alfredo,56,59251,Suite 82,M
17,Vinny,36,23952,Room 615,F
18,Ramonda,64,33167,Room 396,F
19,Quinn,22,59944,Apt 1445,F
20,Newton,47,43367,Suite 89,M
21,Stillmann,30,47529,PO Box 41860,M
22,Genevieve,51,61492,PO Box 73275,F
23,Cindee,64,68084,Apt 974,F
24,Dyana,34,7002,Apt 284,F
25,Son,34,53860,16th Floor,M
26,Franciska,55,7868,PO Box 25879,F
27,Sean,27,56958,Room 1757,M
28,Lay,36,61565,10th Floor,M
29,Hedwiga,66,47232,Room 954,F
30,Uta,47,53681,Suite 32,F
31,Delinda,22,29787,16th Floor,F
32,Sher,43,42956,PO Box 76919,F
33,Ted,58,60055,Suite 43,M
34,Lorie,68,12719,5th Floor,F
35,Stanleigh,68,20776,15th Floor,M
36,Fidelity,61,29092,Suite 37,F
37,Rikki,59,10238,Suite 73,F
38,Freida,53,46014,Apt 864,F
39,Tuckie,20,12859,Apt 414,M
40,Pauletta,35,52163,16th Floor,F
41,Daisy,42,2781,Suite 50,F
42,Eldredge,36,7456,Suite 66,M
43,Esmeralda,21,62500,Apt 580,F
44,Maurine,38,10856,15th Floor,F
45,Rosaline,51,17952,Suite 73,F
46,Lucio,54,4473,Suite 33,M
47,Avril,51,16353,Suite 37,F
48,Rochelle,49,50094,Room 92,F
49,Rex,54,57702,6th Floor,M
50,Hanni,25,47748,Room 1123,F
51,Ebenezer,56,56642,Room 913,M
52,Cherri,57,44818,PO Box 13362,F
53,Teddy,50,48002,PO Box 23400,M
54,Basilius,44,48885,PO Box 59288,M
55,Kerry,53,53479,Suite 9,M
56,Lucretia,66,61953,Suite 15,F
57,Lothaire,39,27217,Room 1021,M
58,Austin,47,45999,Apt 604,F
59,Kathy,40,28867,Suite 57,F
60,Denice,38,48771,Suite 18,F
61,Clark,27,33851,Apt 72,M
62,Tymothy,41,43819,Suite 61,M
63,Bevan,29,34581,20th Floor,M
64,Angil,29,45389,PO Box 61891,F
65,Hendrika,69,6711,Suite 42,F
66,Kendre,68,42258,Suite 20,F
67,Darnall,51,30382,Suite 74,M
68,Dolly,46,57604,17th Floor,F
69,Gussi,47,35318,Apt 469,F
70,Rollin,30,56424,PO Box 31958,M
71,Clemmie,30,44182,6th Floor,M
72,Halli,63,14345,Room 272,F
73,Hayley,65,18331,Apt 425,F
74,Kala,44,43603,Apt 1657,F
75,Vinnie,26,69728,Room 303,F
76,Susi,57,29601,Apt 1389,F
77,Marlo,25,7413,Room 968,M
78,Isaak,27,66080,Apt 1136,M
79,Ki,47,47595,PO Box 82289,F
80,Sylvester,49,39207,17th Floor,M
81,Hatty,31,29240,Room 530,F
82,Reagan,54,46980,Suite 90,M
83,Berri,68,15231,15th Floor,F
84,Neile,24,22848,20th Floor,F
85,Tod,26,10354,4th Floor,M
86,Morgen,38,43926,3rd Floor,M
87,Farrel,68,21924,Room 1778,M
88,Jack,48,47609,PO Box 19255,M
89,Gian,60,41689,Suite 59,M
90,Frederic,60,55384,PO Box 21943,M
91,Ira,38,69168,Apt 632,M
92,Jeramie,33,19712,Suite 43,M
93,Berny,65,24862,PO Box 93952,M
94,Adolphe,21,21401,Suite 58,M
95,Daven,48,40298,Suite 5,M
96,Jarret,32,28123,Suite 1,M
97,Ermengarde,48,11452,PO Box 43456,F
98,Ralf,57,2721,PO Box 93117,M
99,Yorgo,64,51783,Apt 380,M
100,Lazare,25,63125,Apt 1296,M
